Timestamp,Fused_HR
2025-02-04 11:06:51.420916,103.86
2025-02-04 11:06:51.486971,103.86
2025-02-04 11:06:51.558681,103.86
2025-02-04 11:06:51.627988,103.86
2025-02-04 11:06:51.696395,103.86
2025-02-04 11:06:51.764144,101.92
2025-02-04 11:06:51.831687,101.92
2025-02-04 11:06:51.901211,102.35
2025-02-04 11:06:51.969437,101.65
2025-02-04 11:06:52.038108,101.65
2025-02-04 11:06:52.105191,102.35
2025-02-04 11:06:52.173717,102.35
2025-02-04 11:06:52.242184,101.65
2025-02-04 11:06:52.310533,102.40
2025-02-04 11:06:52.382407,102.40
2025-02-04 11:06:52.448689,102.78
2025-02-04 11:06:52.517157,102.78
2025-02-04 11:06:52.585485,102.78
2025-02-04 11:06:52.654189,102.78
2025-02-04 11:06:52.723327,102.78
2025-02-04 11:06:52.792339,103.50
2025-02-04 11:06:52.860882,102.78
2025-02-04 11:06:52.930449,102.78
2025-02-04 11:06:52.999358,102.40
2025-02-04 11:06:53.067932,102.07
2025-02-04 11:06:53.135887,102.07
2025-02-04 11:06:53.204524,102.07
2025-02-04 11:06:53.272700,102.07
2025-02-04 11:06:53.339721,102.07
2025-02-04 11:06:53.408039,102.79
2025-02-04 11:06:53.479480,102.07
2025-02-04 11:06:53.554671,102.37
2025-02-04 11:06:53.617242,102.37
2025-02-04 11:06:53.685830,102.05
2025-02-04 11:06:53.754784,102.05
2025-02-04 11:06:53.823280,102.05
2025-02-04 11:06:53.893410,102.76
2025-02-04 11:06:53.961694,102.76
2025-02-04 11:06:54.029815,102.76
2025-02-04 11:06:54.098232,102.76
2025-02-04 11:06:54.164832,102.36
2025-02-04 11:06:54.235176,102.36
2025-02-04 11:06:54.305571,102.74
2025-02-04 11:06:54.373338,102.04
2025-02-04 11:06:54.441763,102.04
2025-02-04 11:06:54.512350,102.74
2025-02-04 11:06:54.578440,102.74
2025-02-04 11:06:54.646255,102.74
2025-02-04 11:06:54.715560,102.74
2025-02-04 11:06:54.783886,103.12
2025-02-04 11:06:54.851358,102.37
2025-02-04 11:06:54.921446,102.04
2025-02-04 11:06:54.989397,102.04
2025-02-04 11:06:55.058290,102.04
2025-02-04 11:06:55.126347,102.04
2025-02-04 11:06:55.194723,102.04
2025-02-04 11:06:55.264068,102.04
2025-02-04 11:06:55.333848,102.04
2025-02-04 11:06:55.401553,102.35
2025-02-04 11:06:55.469207,102.35
2025-02-04 11:06:55.537837,102.04
2025-02-04 11:06:55.607415,102.04
2025-02-04 11:06:55.674839,102.04
2025-02-04 11:06:55.744890,102.04
2025-02-04 11:06:55.812968,102.04
2025-02-04 11:06:55.881341,102.04
2025-02-04 11:06:55.950314,102.04
2025-02-04 11:06:56.018731,101.61
2025-02-04 11:06:56.086888,100.88
2025-02-04 11:06:56.155369,101.33
2025-02-04 11:06:56.225544,101.33
2025-02-04 11:06:56.293477,101.33
2025-02-04 11:06:56.361822,101.33
2025-02-04 11:06:56.432044,101.33
2025-02-04 11:06:56.499863,101.33
2025-02-04 11:06:56.568772,101.58
2025-02-04 11:06:56.637641,101.58
2025-02-04 11:06:56.705017,101.58
2025-02-04 11:06:56.774778,101.31
2025-02-04 11:06:56.844748,101.31
2025-02-04 11:06:56.911465,101.31
2025-02-04 11:06:56.980652,101.31
2025-02-04 11:06:57.051187,101.31
2025-02-04 11:06:57.119632,101.31
2025-02-04 11:06:57.188342,101.55
2025-02-04 11:06:57.255515,101.55
2025-02-04 11:06:57.323897,101.55
2025-02-04 11:06:57.393254,101.26
2025-02-04 11:06:57.456784,101.26
2025-02-04 11:06:57.525629,101.26
2025-02-04 11:06:57.594174,101.95
2025-02-04 11:06:57.661840,101.95
2025-02-04 11:06:57.735338,101.95
2025-02-04 11:06:57.802930,101.50
2025-02-04 11:06:57.870490,100.77
2025-02-04 11:06:57.939976,100.77
2025-02-04 11:06:58.008311,101.26
2025-02-04 11:06:58.076441,101.26
2025-02-04 11:06:58.144122,101.26
2025-02-04 11:06:58.213383,101.26
2025-02-04 11:06:58.280820,101.26
2025-02-04 11:06:58.350670,100.79
2025-02-04 11:06:58.419274,100.07
2025-02-04 11:06:58.486666,100.07
2025-02-04 11:06:58.555995,100.59
2025-02-04 11:06:58.624120,100.59
2025-02-04 11:06:58.692762,100.59
2025-02-04 11:06:58.761646,100.59
2025-02-04 11:06:58.828519,100.59
2025-02-04 11:06:58.898311,100.07
2025-02-04 11:06:58.967588,100.07
2025-02-04 11:06:59.036387,100.07
2025-02-04 11:06:59.104414,100.07
2025-02-04 11:06:59.172052,99.91
2025-02-04 11:06:59.243634,99.91
2025-02-04 11:06:59.308694,99.91
2025-02-04 11:06:59.375279,99.91
2025-02-04 11:06:59.445368,100.06
2025-02-04 11:06:59.514709,100.06
2025-02-04 11:06:59.580525,100.06
2025-02-04 11:06:59.650693,100.06
2025-02-04 11:06:59.718754,100.57
2025-02-04 11:06:59.787447,100.57
2025-02-04 11:06:59.854913,100.57
2025-02-04 11:06:59.924528,100.57
2025-02-04 11:06:59.999513,100.57
2025-02-04 11:07:00.061905,100.93
2025-02-04 11:07:00.131924,100.93
2025-02-04 11:07:00.199435,100.93
2025-02-04 11:07:00.268114,101.39
2025-02-04 11:07:00.335508,101.39
2025-02-04 11:07:00.404868,101.39
2025-02-04 11:07:00.472770,101.39
2025-02-04 11:07:00.543285,101.39
2025-02-04 11:07:00.608737,101.39
2025-02-04 11:07:00.678909,100.76
2025-02-04 11:07:00.747473,100.76
2025-02-04 11:07:00.814043,101.93
2025-02-04 11:07:00.882822,101.93
2025-02-04 11:07:00.952155,101.93
2025-02-04 11:07:01.020914,101.93
2025-02-04 11:07:01.088384,101.93
2025-02-04 11:07:01.157914,101.22
2025-02-04 11:07:01.226044,100.74
2025-02-04 11:07:01.294936,101.92
2025-02-04 11:07:01.362094,101.92
2025-02-04 11:07:01.432122,101.92
2025-02-04 11:07:01.499903,101.92
2025-02-04 11:07:01.568631,101.92
2025-02-04 11:07:01.638657,101.92
2025-02-04 11:07:01.706480,101.92
2025-02-04 11:07:01.776416,102.21
2025-02-04 11:07:01.844834,102.62
2025-02-04 11:07:01.913024,102.62
2025-02-04 11:07:01.981933,102.62
2025-02-04 11:07:02.050130,102.62
2025-02-04 11:07:02.119098,102.62
2025-02-04 11:07:02.187980,102.62
2025-02-04 11:07:02.256027,102.62
2025-02-04 11:07:02.325334,102.62
2025-02-04 11:07:02.393309,103.32
2025-02-04 11:07:02.456686,103.32
2025-02-04 11:07:02.524898,103.32
2025-02-04 11:07:02.593505,103.32
2025-02-04 11:07:02.665087,103.32
2025-02-04 11:07:02.735771,103.32
2025-02-04 11:07:02.802912,102.61
2025-02-04 11:07:02.872778,102.61
2025-02-04 11:07:02.942904,104.06
2025-02-04 11:07:03.008419,104.06
2025-02-04 11:07:03.077881,104.06
2025-02-04 11:07:03.145819,104.06
2025-02-04 11:07:03.214539,104.06
2025-02-04 11:07:03.284604,104.06
2025-02-04 11:07:03.351910,103.33
2025-02-04 11:07:03.421546,103.33
2025-02-04 11:07:03.493454,103.65
2025-02-04 11:07:03.558186,104.05
2025-02-04 11:07:03.627980,104.05
2025-02-04 11:07:03.696949,104.05
2025-02-04 11:07:03.766093,104.05
2025-02-04 11:07:03.833645,104.05
2025-02-04 11:07:03.901255,104.05
2025-02-04 11:07:03.971090,104.05
2025-02-04 11:07:04.043522,104.05
2025-02-04 11:07:04.108089,104.32
2025-02-04 11:07:04.179484,104.04
2025-02-04 11:07:04.244815,104.04
2025-02-04 11:07:04.313577,104.04
2025-02-04 11:07:04.383052,104.04
2025-02-04 11:07:04.452883,104.04
2025-02-04 11:07:04.522811,104.04
2025-02-04 11:07:04.592865,104.04
2025-02-04 11:07:04.660215,103.33
2025-02-04 11:07:04.726935,104.77
2025-02-04 11:07:04.796135,104.03
2025-02-04 11:07:04.864937,104.03
2025-02-04 11:07:04.933732,104.03
2025-02-04 11:07:05.000321,104.77
2025-02-04 11:07:05.070549,104.77
2025-02-04 11:07:05.137586,104.77
2025-02-04 11:07:05.206060,104.03
2025-02-04 11:07:05.276389,104.03
2025-02-04 11:07:05.345050,104.31
2025-02-04 11:07:05.413158,104.02
2025-02-04 11:07:05.482010,104.02
2025-02-04 11:07:05.550261,104.76
2025-02-04 11:07:05.618302,104.76
2025-02-04 11:07:05.687742,104.76
2025-02-04 11:07:05.755848,104.76
2025-02-04 11:07:05.824938,104.02
2025-02-04 11:07:05.892728,104.02
2025-02-04 11:07:05.961855,104.30
2025-02-04 11:07:06.029606,104.03
2025-02-04 11:07:06.098575,104.03
2025-02-04 11:07:06.166726,104.03
2025-02-04 11:07:06.234146,104.76
2025-02-04 11:07:06.303428,104.76
2025-02-04 11:07:06.371314,104.03
2025-02-04 11:07:06.439074,104.03
2025-02-04 11:07:06.509387,104.03
2025-02-04 11:07:06.575627,104.32
2025-02-04 11:07:06.644135,104.78
2025-02-04 11:07:06.713823,104.78
2025-02-04 11:07:06.783535,104.78
2025-02-04 11:07:06.852459,104.78
2025-02-04 11:07:06.920517,104.78
2025-02-04 11:07:06.989215,104.78
2025-02-04 11:07:07.057682,104.78
2025-02-04 11:07:07.124187,104.32
2025-02-04 11:07:07.194445,104.32
2025-02-04 11:07:07.261412,104.81
2025-02-04 11:07:07.330625,104.81
2025-02-04 11:07:07.399505,104.81
2025-02-04 11:07:07.462412,104.81
2025-02-04 11:07:07.530884,104.81
2025-02-04 11:07:07.599570,104.81
2025-02-04 11:07:07.671201,104.81
2025-02-04 11:07:07.740230,104.38
2025-02-04 11:07:07.808969,104.38
2025-02-04 11:07:07.877044,104.81
2025-02-04 11:07:07.945502,104.81
2025-02-04 11:07:08.014070,104.81
2025-02-04 11:07:08.083552,104.81
2025-02-04 11:07:08.145903,104.81
2025-02-04 11:07:08.215712,104.81
2025-02-04 11:07:08.283822,105.07
2025-02-04 11:07:08.356001,105.07
2025-02-04 11:07:08.426079,105.07
2025-02-04 11:07:08.494632,104.81
2025-02-04 11:07:08.561989,104.81
2025-02-04 11:07:08.630635,104.81
2025-02-04 11:07:08.700879,104.81
2025-02-04 11:07:08.768838,104.81
2025-02-04 11:07:08.837517,104.81
2025-02-04 11:07:08.904823,105.05
2025-02-04 11:07:08.973694,105.05
2025-02-04 11:07:09.042688,105.54
2025-02-04 11:07:09.111272,105.54
2025-02-04 11:07:09.178780,105.54
2025-02-04 11:07:09.247635,105.54
2025-02-04 11:07:09.316427,104.80
2025-02-04 11:07:09.384739,104.80
2025-02-04 11:07:09.454066,105.05
2025-02-04 11:07:09.523174,105.05
2025-02-04 11:07:09.589092,105.05
2025-02-04 11:07:09.658268,104.80
2025-02-04 11:07:09.728608,104.80
2025-02-04 11:07:09.797326,104.80
2025-02-04 11:07:09.865686,104.80
2025-02-04 11:07:09.934863,104.80
2025-02-04 11:07:10.004197,104.80
2025-02-04 11:07:10.071403,105.03
2025-02-04 11:07:10.142120,104.33
2025-02-04 11:07:10.208616,104.05
2025-02-04 11:07:10.277226,104.78
2025-02-04 11:07:10.343914,104.78
2025-02-04 11:07:10.415893,104.78
2025-02-04 11:07:10.483502,104.78
2025-02-04 11:07:10.552510,104.05
2025-02-04 11:07:10.619546,104.05
2025-02-04 11:07:10.687638,103.65
2025-02-04 11:07:10.757623,102.60
2025-02-04 11:07:10.824695,102.60
2025-02-04 11:07:10.893873,104.06
2025-02-04 11:07:10.963506,104.06
2025-02-04 11:07:11.031346,104.06
2025-02-04 11:07:11.101043,102.60
2025-02-04 11:07:11.169032,102.60
2025-02-04 11:07:11.236709,102.20
2025-02-04 11:07:11.305278,102.59
2025-02-04 11:07:11.374255,102.59
2025-02-04 11:07:11.443664,102.59
2025-02-04 11:07:11.512801,102.59
2025-02-04 11:07:11.579452,102.59
2025-02-04 11:07:11.650574,102.59
2025-02-04 11:07:11.718816,102.59
2025-02-04 11:07:11.785748,102.19
2025-02-04 11:07:11.854490,102.19
2025-02-04 11:07:11.924868,101.88
2025-02-04 11:07:11.992201,101.88
2025-02-04 11:07:12.061596,101.88
2025-02-04 11:07:12.129121,101.88
2025-02-04 11:07:12.197618,101.88
2025-02-04 11:07:12.266404,101.88
2025-02-04 11:07:12.334747,100.73
2025-02-04 11:07:12.402817,100.73
2025-02-04 11:07:12.466437,100.73
2025-02-04 11:07:12.535463,100.52
2025-02-04 11:07:12.603832,99.85
2025-02-04 11:07:12.671589,99.85
2025-02-04 11:07:12.740287,100.52
2025-02-04 11:07:12.812094,100.00
2025-02-04 11:07:12.880113,100.00
2025-02-04 11:07:12.950839,100.00
2025-02-04 11:07:13.017922,99.29
2025-02-04 11:07:13.085706,99.29
2025-02-04 11:07:13.155292,99.85
2025-02-04 11:07:13.223171,99.19
2025-02-04 11:07:13.292597,99.19
2025-02-04 11:07:13.360436,99.32
2025-02-04 11:07:13.428699,100.03
2025-02-04 11:07:13.496425,100.03
2025-02-04 11:07:13.564464,100.03
2025-02-04 11:07:13.632355,99.32
2025-02-04 11:07:13.701803,99.32
2025-02-04 11:07:13.770524,99.21
2025-02-04 11:07:13.843437,99.21
2025-02-04 11:07:13.905785,99.21
2025-02-04 11:07:13.975195,98.65
2025-02-04 11:07:14.042306,98.65
2025-02-04 11:07:14.110924,98.65
2025-02-04 11:07:14.181796,98.65
2025-02-04 11:07:14.249341,98.65
2025-02-04 11:07:14.319467,98.65
2025-02-04 11:07:14.386645,98.58
2025-02-04 11:07:14.455824,98.58
2025-02-04 11:07:14.522408,99.39
2025-02-04 11:07:14.592612,99.39
2025-02-04 11:07:14.661018,99.39
2025-02-04 11:07:14.727707,99.39
2025-02-04 11:07:14.797708,99.39
2025-02-04 11:07:14.866463,99.39
2025-02-04 11:07:14.935448,99.39
2025-02-04 11:07:15.003521,99.26
2025-02-04 11:07:15.071410,99.26
2025-02-04 11:07:15.142311,99.26
2025-02-04 11:07:15.210521,99.39
2025-02-04 11:07:15.279646,99.39
2025-02-04 11:07:15.347940,99.39
2025-02-04 11:07:15.417084,99.39
2025-02-04 11:07:15.485130,99.39
2025-02-04 11:07:15.552960,99.39
2025-02-04 11:07:15.621055,99.24
2025-02-04 11:07:15.689908,99.24
2025-02-04 11:07:15.759270,99.24
2025-02-04 11:07:15.828252,99.37
2025-02-04 11:07:15.894939,99.37
2025-02-04 11:07:15.964087,99.37
2025-02-04 11:07:16.034162,99.37
2025-02-04 11:07:16.102386,99.37
2025-02-04 11:07:16.171960,99.37
2025-02-04 11:07:16.242709,99.25
2025-02-04 11:07:16.307906,99.25
2025-02-04 11:07:16.375317,99.25
2025-02-04 11:07:16.445461,98.67
2025-02-04 11:07:16.514519,98.67
2025-02-04 11:07:16.583112,99.37
2025-02-04 11:07:16.651147,98.67
2025-02-04 11:07:16.718045,98.67
2025-02-04 11:07:16.788993,99.23
2025-02-04 11:07:16.856955,99.23
2025-02-04 11:07:16.925333,99.23
2025-02-04 11:07:16.994177,99.36
2025-02-04 11:07:17.061894,99.36
2025-02-04 11:07:17.130984,99.36
2025-02-04 11:07:17.200061,99.36
2025-02-04 11:07:17.267541,99.36
2025-02-04 11:07:17.336224,99.36
2025-02-04 11:07:17.404361,99.23
2025-02-04 11:07:17.468152,99.23
2025-02-04 11:07:17.536661,99.23
2025-02-04 11:07:17.605102,99.34
2025-02-04 11:07:17.673816,99.34
2025-02-04 11:07:17.741750,99.34
2025-02-04 11:07:17.816291,99.34
2025-02-04 11:07:17.884346,99.34
2025-02-04 11:07:17.953733,99.34
2025-02-04 11:07:18.022375,99.23
2025-02-04 11:07:18.092171,99.23
2025-02-04 11:07:18.157718,99.23
2025-02-04 11:07:18.227022,98.64
2025-02-04 11:07:18.295586,98.64
2025-02-04 11:07:18.364711,98.64
2025-02-04 11:07:18.434171,98.64
2025-02-04 11:07:18.502133,98.64
2025-02-04 11:07:18.569075,98.64
2025-02-04 11:07:18.638658,98.55
2025-02-04 11:07:18.707867,98.55
2025-02-04 11:07:18.777579,97.94
2025-02-04 11:07:18.845224,97.94
2025-02-04 11:07:18.913312,97.94
2025-02-04 11:07:18.982650,98.64
2025-02-04 11:07:19.050144,97.94
2025-02-04 11:07:19.118553,97.94
2025-02-04 11:07:19.186548,97.94
2025-02-04 11:07:19.255708,98.55
2025-02-04 11:07:19.323778,98.62
2025-02-04 11:07:19.393852,98.62
2025-02-04 11:07:19.461599,98.62
2025-02-04 11:07:19.529692,98.62
2025-02-04 11:07:19.599339,98.62
2025-02-04 11:07:19.667107,98.62
2025-02-04 11:07:19.736184,98.62
2025-02-04 11:07:19.804654,98.55
2025-02-04 11:07:19.873704,98.55
2025-02-04 11:07:19.941617,98.64
2025-02-04 11:07:20.011348,98.64
2025-02-04 11:07:20.079338,98.64
2025-02-04 11:07:20.147826,98.64
2025-02-04 11:07:20.216074,98.64
2025-02-04 11:07:20.284268,98.64
2025-02-04 11:07:20.352394,98.64
2025-02-04 11:07:20.421910,99.20
2025-02-04 11:07:20.491844,98.55
2025-02-04 11:07:20.559288,98.63
2025-02-04 11:07:20.628771,98.63
2025-02-04 11:07:20.696972,98.63
2025-02-04 11:07:20.764840,99.33
2025-02-04 11:07:20.834356,99.33
2025-02-04 11:07:20.902886,98.63
2025-02-04 11:07:20.973122,98.63
2025-02-04 11:07:21.042390,98.54
2025-02-04 11:07:21.108756,98.54
2025-02-04 11:07:21.179839,97.93
2025-02-04 11:07:21.248527,97.93
2025-02-04 11:07:21.318654,97.93
2025-02-04 11:07:21.385643,97.93
2025-02-04 11:07:21.456402,97.93
2025-02-04 11:07:21.525042,97.93
2025-02-04 11:07:21.592811,97.93
2025-02-04 11:07:21.661298,97.86
2025-02-04 11:07:21.730384,97.90
2025-02-04 11:07:21.797956,97.90
2025-02-04 11:07:21.868081,97.90
2025-02-04 11:07:21.935116,97.90
2025-02-04 11:07:22.004044,97.90
2025-02-04 11:07:22.073076,97.90
2025-02-04 11:07:22.143007,97.90
2025-02-04 11:07:22.209144,97.90
2025-02-04 11:07:22.278359,97.85
2025-02-04 11:07:22.345727,97.89
2025-02-04 11:07:22.417360,97.89
2025-02-04 11:07:22.477952,97.89
2025-02-04 11:07:22.546396,97.89
2025-02-04 11:07:22.614656,98.58
2025-02-04 11:07:22.688144,97.89
2025-02-04 11:07:22.756477,97.89
2025-02-04 11:07:22.825721,97.89
2025-02-04 11:07:22.894351,97.88
2025-02-04 11:07:22.961576,98.58
2025-02-04 11:07:23.031119,98.58
2025-02-04 11:07:23.098327,98.58
2025-02-04 11:07:23.168542,98.58
2025-02-04 11:07:23.237570,98.58
2025-02-04 11:07:23.305551,98.58
2025-02-04 11:07:23.374359,98.58
2025-02-04 11:07:23.443120,98.58
2025-02-04 11:07:23.511370,98.50
2025-02-04 11:07:23.579161,98.50
2025-02-04 11:07:23.647351,98.56
2025-02-04 11:07:23.715518,98.56
2025-02-04 11:07:23.783233,98.56
2025-02-04 11:07:23.852344,98.56
2025-02-04 11:07:23.921418,98.56
2025-02-04 11:07:23.992795,98.56
2025-02-04 11:07:24.058669,98.56
2025-02-04 11:07:24.127162,99.15
2025-02-04 11:07:24.194924,98.49
2025-02-04 11:07:24.263591,98.55
2025-02-04 11:07:24.332444,99.25
2025-02-04 11:07:24.400316,99.25
2025-02-04 11:07:24.470054,99.25
2025-02-04 11:07:24.539043,99.25
2025-02-04 11:07:24.607326,98.55
2025-02-04 11:07:24.675174,98.55
2025-02-04 11:07:24.743786,98.47
2025-02-04 11:07:24.810981,98.47
2025-02-04 11:07:24.881391,98.55
2025-02-04 11:07:24.948713,98.55
2025-02-04 11:07:25.016544,98.55
2025-02-04 11:07:25.085503,98.55
2025-02-04 11:07:25.153213,98.55
2025-02-04 11:07:25.222495,98.55
2025-02-04 11:07:25.292689,98.55
2025-02-04 11:07:25.358143,98.49
2025-02-04 11:07:25.427931,98.49
2025-02-04 11:07:25.495536,98.59
2025-02-04 11:07:25.563873,98.59
2025-02-04 11:07:25.631313,98.59
2025-02-04 11:07:25.701185,99.29
2025-02-04 11:07:25.769009,98.59
2025-02-04 11:07:25.837539,98.59
2025-02-04 11:07:25.904818,98.59
2025-02-04 11:07:25.974038,99.18
2025-02-04 11:07:26.043827,98.53
2025-02-04 11:07:26.112887,99.30
2025-02-04 11:07:26.180815,99.30
2025-02-04 11:07:26.248651,99.30
2025-02-04 11:07:26.317885,99.30
2025-02-04 11:07:26.384212,98.60
2025-02-04 11:07:26.454926,98.60
2025-02-04 11:07:26.524276,99.17
2025-02-04 11:07:26.593747,99.17
2025-02-04 11:07:26.662228,99.17
2025-02-04 11:07:26.730206,99.31
2025-02-04 11:07:26.797946,99.31
2025-02-04 11:07:26.866969,99.31
2025-02-04 11:07:26.937121,98.61
2025-02-04 11:07:27.004564,98.61
2025-02-04 11:07:27.073976,98.61
2025-02-04 11:07:27.142691,99.17
2025-02-04 11:07:27.212841,99.17
2025-02-04 11:07:27.281658,99.30
2025-02-04 11:07:27.349955,99.30
2025-02-04 11:07:27.419630,99.30
2025-02-04 11:07:27.483123,99.30
2025-02-04 11:07:27.551505,99.30
2025-02-04 11:07:27.619638,99.30
2025-02-04 11:07:27.691989,99.14
2025-02-04 11:07:27.761048,99.14
2025-02-04 11:07:27.830006,99.14
2025-02-04 11:07:27.897200,99.24
2025-02-04 11:07:27.965356,99.24
2025-02-04 11:07:28.036385,99.24
2025-02-04 11:07:28.104432,99.24
2025-02-04 11:07:28.173801,99.24
2025-02-04 11:07:28.242584,99.24
2025-02-04 11:07:28.314695,99.13
2025-02-04 11:07:28.377679,99.13
2025-02-04 11:07:28.448283,99.13
2025-02-04 11:07:28.515613,99.27
2025-02-04 11:07:28.584281,99.27
2025-02-04 11:07:28.654174,99.27
2025-02-04 11:07:28.722638,99.27
2025-02-04 11:07:28.789696,99.27
2025-02-04 11:07:28.859267,99.27
2025-02-04 11:07:28.928348,99.81
2025-02-04 11:07:28.997355,99.14
2025-02-04 11:07:29.067337,99.14
2025-02-04 11:07:29.135127,98.56
2025-02-04 11:07:29.203883,98.56
2025-02-04 11:07:29.274416,99.27
2025-02-04 11:07:29.342279,98.56
2025-02-04 11:07:29.412166,98.56
2025-02-04 11:07:29.480512,99.12
2025-02-04 11:07:29.548383,99.12
2025-02-04 11:07:29.616912,99.12
2025-02-04 11:07:29.685314,99.23
2025-02-04 11:07:29.752704,99.23
2025-02-04 11:07:29.822266,99.23
2025-02-04 11:07:29.892355,99.23
2025-02-04 11:07:29.957909,99.23
2025-02-04 11:07:30.032215,99.23
2025-02-04 11:07:30.096351,99.11
2025-02-04 11:07:30.162493,99.11
2025-02-04 11:07:30.232874,99.11
2025-02-04 11:07:30.300757,99.24
2025-02-04 11:07:30.369809,99.24
2025-02-04 11:07:30.442641,99.24
2025-02-04 11:07:30.509034,99.24
2025-02-04 11:07:30.575646,99.24
2025-02-04 11:07:30.643988,99.24
2025-02-04 11:07:30.713733,99.24
2025-02-04 11:07:30.782899,99.09
2025-02-04 11:07:30.850938,98.45
2025-02-04 11:07:30.919668,99.21
2025-02-04 11:07:30.992451,99.21
2025-02-04 11:07:31.056055,99.21
2025-02-04 11:07:31.125217,99.21
2025-02-04 11:07:31.192812,99.21
2025-02-04 11:07:31.266732,99.21
2025-02-04 11:07:31.330205,99.21
2025-02-04 11:07:31.401401,98.47
2025-02-04 11:07:31.494839,98.47
2025-02-04 11:07:31.558556,98.58
2025-02-04 11:07:31.646061,98.58
2025-02-04 11:07:31.707194,99.28
2025-02-04 11:07:31.796215,99.28
2025-02-04 11:07:31.857573,99.28
2025-02-04 11:07:31.945242,98.58
2025-02-04 11:07:32.006209,98.58
2025-02-04 11:07:32.090816,98.01
2025-02-04 11:07:32.146646,98.01
2025-02-04 11:07:32.224017,98.07
2025-02-04 11:07:32.294917,98.07
2025-02-04 11:07:32.354736,98.07
2025-02-04 11:07:32.443630,98.07
2025-02-04 11:07:32.492748,98.07
2025-02-04 11:07:32.548384,98.07
2025-02-04 11:07:32.601208,98.07
2025-02-04 11:07:32.661286,97.72
2025-02-04 11:07:32.744701,97.72
2025-02-04 11:07:32.807747,97.73
2025-02-04 11:07:32.895257,97.73
2025-02-04 11:07:32.959204,97.73
2025-02-04 11:07:33.044820,97.73
2025-02-04 11:07:33.103902,97.73
2025-02-04 11:07:33.195589,97.73
2025-02-04 11:07:33.258570,97.73
2025-02-04 11:07:33.341199,98.68
2025-02-04 11:07:33.404291,97.86
2025-02-04 11:07:33.494986,97.90
2025-02-04 11:07:33.559591,97.90
2025-02-04 11:07:33.645134,98.78
2025-02-04 11:07:33.710312,98.78
2025-02-04 11:07:33.793992,97.90
2025-02-04 11:07:33.953351,97.90
2025-02-04 11:07:34.008616,98.03
2025-02-04 11:07:34.096986,98.03
2025-02-04 11:07:34.177838,98.03
2025-02-04 11:07:34.245122,98.07
2025-02-04 11:07:34.308572,98.07
2025-02-04 11:07:34.395849,98.07
2025-02-04 11:07:34.458749,98.07
2025-02-04 11:07:34.546426,98.07
2025-02-04 11:07:34.608807,98.07
2025-02-04 11:07:34.694829,96.78
2025-02-04 11:07:34.752470,96.78
2025-02-04 11:07:34.812999,96.78
2025-02-04 11:07:34.896006,96.75
2025-02-04 11:07:34.958186,96.75
2025-02-04 11:07:35.045841,97.60
2025-02-04 11:07:35.109494,96.75
2025-02-04 11:07:35.195183,96.75
2025-02-04 11:07:35.257355,97.28
2025-02-04 11:07:35.346194,97.28
2025-02-04 11:07:35.409565,97.28
2025-02-04 11:07:35.495303,97.28
2025-02-04 11:07:35.558222,97.27
2025-02-04 11:07:35.647318,97.27
2025-02-04 11:07:35.710776,97.27
2025-02-04 11:07:35.795032,97.27
2025-02-04 11:07:35.855768,97.27
2025-02-04 11:07:35.946013,96.61
2025-02-04 11:07:36.044703,96.61
2025-02-04 11:07:36.144276,96.61
2025-02-04 11:07:36.208365,96.61
2025-02-04 11:07:36.295626,97.42
2025-02-04 11:07:36.359512,97.42
2025-02-04 11:07:36.445309,96.55
2025-02-04 11:07:36.506624,96.55
2025-02-04 11:07:36.594130,96.30
2025-02-04 11:07:36.662322,96.30
2025-02-04 11:07:36.743585,96.30
2025-02-04 11:07:36.805592,96.30
2025-02-04 11:07:36.895096,96.30
2025-02-04 11:07:36.960079,95.59
2025-02-04 11:07:37.046021,95.59
2025-02-04 11:07:37.105492,95.59
2025-02-04 11:07:37.195791,95.59
2025-02-04 11:07:37.261273,95.25
2025-02-04 11:07:37.346062,95.25
2025-02-04 11:07:37.407469,95.25
2025-02-04 11:07:37.495321,95.25
2025-02-04 11:07:37.560568,94.50
2025-02-04 11:07:37.646411,94.50
2025-02-04 11:07:37.708515,94.50
2025-02-04 11:07:37.795645,94.50
2025-02-04 11:07:37.868052,94.50
2025-02-04 11:07:37.944087,94.07
2025-02-04 11:07:38.010363,94.07
2025-02-04 11:07:38.095953,94.07
2025-02-04 11:07:38.163249,93.91
2025-02-04 11:07:38.242973,93.91
2025-02-04 11:07:38.303125,93.91
2025-02-04 11:07:38.394592,93.91
2025-02-04 11:07:38.455974,93.91
2025-02-04 11:07:38.542835,93.91
2025-02-04 11:07:38.611698,93.73
2025-02-04 11:07:38.694941,93.73
2025-02-04 11:07:38.755903,93.73
2025-02-04 11:07:38.846478,93.51
2025-02-04 11:07:38.910819,93.51
2025-02-04 11:07:38.990925,93.51
2025-02-04 11:07:39.052702,93.51
2025-02-04 11:07:39.109869,93.51
2025-02-04 11:07:39.195736,93.51
2025-02-04 11:07:39.257932,93.51
2025-02-04 11:07:39.345694,93.10
2025-02-04 11:07:39.444534,92.63
2025-02-04 11:07:39.509587,92.37
2025-02-04 11:07:39.595588,92.37
2025-02-04 11:07:39.658400,92.86
2025-02-04 11:07:39.746003,92.86
2025-02-04 11:07:39.809784,92.86
2025-02-04 11:07:39.895199,92.86
2025-02-04 11:07:39.955150,92.37
2025-02-04 11:07:40.045608,91.99
2025-02-04 11:07:40.110497,91.99
2025-02-04 11:07:40.194300,91.10
2025-02-04 11:07:40.262581,91.10
2025-02-04 11:07:40.345955,91.10
2025-02-04 11:07:40.409628,91.10
2025-02-04 11:07:40.495264,91.10
2025-02-04 11:07:40.556426,91.10
2025-02-04 11:07:40.645293,91.10
2025-02-04 11:07:40.704966,91.10
2025-02-04 11:07:40.795781,89.97
2025-02-04 11:07:40.858181,89.97
2025-02-04 11:07:40.944894,89.97
2025-02-04 11:07:41.005964,89.97
2025-02-04 11:07:41.094008,90.69
2025-02-04 11:07:41.155887,90.69
2025-02-04 11:07:41.240760,90.69
2025-02-04 11:07:41.302828,89.97
2025-02-04 11:07:41.362224,89.97
2025-02-04 11:07:41.445965,90.15
2025-02-04 11:07:41.511406,89.65
2025-02-04 11:07:41.595759,89.65
2025-02-04 11:07:41.654003,90.15
2025-02-04 11:07:41.745535,90.15
2025-02-04 11:07:41.810169,90.15
2025-02-04 11:07:41.894147,89.65
2025-02-04 11:07:41.954638,89.65
2025-02-04 11:07:42.045918,90.27
2025-02-04 11:07:42.108770,90.42
2025-02-04 11:07:42.195164,90.42
2025-02-04 11:07:42.258633,90.42
2025-02-04 11:07:42.346796,90.42
2025-02-04 11:07:42.407236,90.42
2025-02-04 11:07:42.490389,90.42
2025-02-04 11:07:42.543149,90.42
2025-02-04 11:07:42.620754,90.92
2025-02-04 11:07:42.696038,90.92
2025-02-04 11:07:42.762082,90.92
2025-02-04 11:07:42.844308,90.99
2025-02-04 11:07:42.907121,90.99
2025-02-04 11:07:42.994486,90.99
2025-02-04 11:07:43.041482,90.99
2025-02-04 11:07:43.090783,90.99
2025-02-04 11:07:43.171799,90.99
2025-02-04 11:07:43.245503,91.07
2025-02-04 11:07:43.310782,91.07
2025-02-04 11:07:43.394460,91.07
2025-02-04 11:07:43.460509,90.99
2025-02-04 11:07:43.545137,90.99
2025-02-04 11:07:43.604335,90.99
2025-02-04 11:07:43.695833,90.99
2025-02-04 11:07:43.761214,90.99
2025-02-04 11:07:43.845231,90.56
2025-02-04 11:07:43.912776,91.41
2025-02-04 11:07:43.992472,91.41
2025-02-04 11:07:44.053121,91.41
2025-02-04 11:07:44.144991,90.92
2025-02-04 11:07:44.208867,90.92
2025-02-04 11:07:44.295194,90.92
2025-02-04 11:07:44.358286,90.92
2025-02-04 11:07:44.445606,90.92
2025-02-04 11:07:44.511017,90.92
2025-02-04 11:07:44.595593,91.38
2025-02-04 11:07:44.666223,90.68
2025-02-04 11:07:44.745219,90.68
2025-02-04 11:07:44.810091,90.15
2025-02-04 11:07:44.893764,90.88
2025-02-04 11:07:44.955002,90.88
2025-02-04 11:07:45.045837,90.15
2025-02-04 11:07:45.106631,90.15
2025-02-04 11:07:45.195376,90.67
2025-02-04 11:07:45.256609,90.67
2025-02-04 11:07:45.344311,90.67
2025-02-04 11:07:45.412448,91.43
2025-02-04 11:07:45.495884,91.43
2025-02-04 11:07:45.561096,91.43
2025-02-04 11:07:45.642543,91.43
2025-02-04 11:07:45.704923,91.43
2025-02-04 11:07:45.795196,91.43
2025-02-04 11:07:45.859048,91.36
2025-02-04 11:07:45.945441,91.36
2025-02-04 11:07:46.009198,91.36
2025-02-04 11:07:46.095007,90.55
2025-02-04 11:07:46.158371,90.55
2025-02-04 11:07:46.245170,90.55
2025-02-04 11:07:46.308395,90.55
2025-02-04 11:07:46.395178,90.55
2025-02-04 11:07:46.455291,91.08
2025-02-04 11:07:46.545671,91.08
2025-02-04 11:07:46.606483,91.08
2025-02-04 11:07:46.689786,91.33
2025-02-04 11:07:46.755702,91.33
2025-02-04 11:07:46.844613,91.33
2025-02-04 11:07:46.907370,91.33
2025-02-04 11:07:46.995248,91.33
2025-02-04 11:07:47.059974,91.33
2025-02-04 11:07:47.145482,91.09
2025-02-04 11:07:47.207884,91.09
2025-02-04 11:07:47.295796,91.09
2025-02-04 11:07:47.361708,91.00
2025-02-04 11:07:47.444661,91.00
2025-02-04 11:07:47.501651,91.00
2025-02-04 11:07:47.562841,91.00
2025-02-04 11:07:47.645079,91.00
2025-02-04 11:07:47.708255,91.00
2025-02-04 11:07:47.792660,91.02
2025-02-04 11:07:47.856260,91.02
2025-02-04 11:07:47.945682,91.07
2025-02-04 11:07:48.008945,91.07
2025-02-04 11:07:48.093667,91.07
2025-02-04 11:07:48.156068,91.07
2025-02-04 11:07:48.245045,91.07
2025-02-04 11:07:48.308349,91.07
2025-02-04 11:07:48.395883,91.61
2025-02-04 11:07:48.458649,91.61
2025-02-04 11:07:48.547439,91.61
2025-02-04 11:07:48.614120,91.87
2025-02-04 11:07:48.690036,91.87
2025-02-04 11:07:48.749979,91.87
2025-02-04 11:07:48.811392,91.87
2025-02-04 11:07:48.895110,91.87
2025-02-04 11:07:48.957667,91.87
2025-02-04 11:07:49.044886,91.87
2025-02-04 11:07:49.106610,91.86
2025-02-04 11:07:49.193050,91.86
2025-02-04 11:07:49.289009,91.91
2025-02-04 11:07:49.348198,91.91
2025-02-04 11:07:49.404799,91.91
2025-02-04 11:07:49.493932,91.91
2025-02-04 11:07:49.558606,91.91
2025-02-04 11:07:49.645648,91.91
2025-02-04 11:07:49.707991,92.36
2025-02-04 11:07:49.795458,92.36
2025-02-04 11:07:49.859174,92.36
2025-02-04 11:07:49.945048,92.72
2025-02-04 11:07:50.005619,92.72
2025-02-04 11:07:50.094230,92.72
2025-02-04 11:07:50.156391,92.22
2025-02-04 11:07:50.246239,92.22
2025-02-04 11:07:50.313662,92.63
2025-02-04 11:07:50.396116,92.63
2025-02-04 11:07:50.456419,92.63
2025-02-04 11:07:50.545696,92.63
2025-02-04 11:07:50.606670,93.56
2025-02-04 11:07:50.695890,93.56
2025-02-04 11:07:50.757946,93.56
2025-02-04 11:07:50.845547,93.56
2025-02-04 11:07:50.908533,93.56
2025-02-04 11:07:50.995594,93.16
2025-02-04 11:07:51.057624,93.16
2025-02-04 11:07:51.145395,93.16
2025-02-04 11:07:51.209646,93.16
2025-02-04 11:07:51.292939,93.91
2025-02-04 11:07:51.352719,94.13
2025-02-04 11:07:51.444554,94.13
2025-02-04 11:07:51.505196,94.13
2025-02-04 11:07:51.562096,94.45
2025-02-04 11:07:51.644102,94.45
2025-02-04 11:07:51.705443,94.45
2025-02-04 11:07:51.794516,94.45
2025-02-04 11:07:51.855842,94.45
2025-02-04 11:07:51.944567,94.45
2025-02-04 11:07:52.004371,94.45
2025-02-04 11:07:52.092709,94.67
2025-02-04 11:07:52.152746,94.67
2025-02-04 11:07:52.244745,95.31
2025-02-04 11:07:52.306097,95.31
2025-02-04 11:07:52.395555,95.31
2025-02-04 11:07:52.452567,95.31
2025-02-04 11:07:52.508936,95.31
2025-02-04 11:07:52.595640,95.31
2025-02-04 11:07:52.654505,95.31
2025-02-04 11:07:52.741801,94.94
2025-02-04 11:07:52.809014,94.76
2025-02-04 11:07:52.892529,94.76
2025-02-04 11:07:52.958115,94.76
2025-02-04 11:07:53.045094,94.76
2025-02-04 11:07:53.109111,94.76
2025-02-04 11:07:53.189747,94.76
2025-02-04 11:07:53.241350,94.76
2025-02-04 11:07:53.300619,94.46
2025-02-04 11:07:53.359449,94.77
2025-02-04 11:07:53.441696,94.77
2025-02-04 11:07:53.502203,94.77
2025-02-04 11:07:53.595104,94.77
2025-02-04 11:07:53.652281,94.77
2025-02-04 11:07:53.743518,94.77
2025-02-04 11:07:53.807961,94.77
2025-02-04 11:07:53.895807,94.93
2025-02-04 11:07:53.957364,95.72
2025-02-04 11:07:54.045326,95.72
2025-02-04 11:07:54.100977,95.72
2025-02-04 11:07:54.166879,95.72
2025-02-04 11:07:54.245044,95.72
2025-02-04 11:07:54.310134,95.72
2025-02-04 11:07:54.390116,95.72
2025-02-04 11:07:54.444871,95.72
2025-02-04 11:07:54.516017,95.55
2025-02-04 11:07:54.595615,95.86
2025-02-04 11:07:54.661347,95.86
2025-02-04 11:07:54.743906,95.86
2025-02-04 11:07:54.801615,95.86
2025-02-04 11:07:54.895431,95.86
2025-02-04 11:07:54.958917,95.86
2025-02-04 11:07:55.045841,95.29
2025-02-04 11:07:55.105411,95.29
2025-02-04 11:07:55.195405,96.22
2025-02-04 11:07:55.260834,96.22
2025-02-04 11:07:55.344961,96.22
2025-02-04 11:07:55.408347,97.06
2025-02-04 11:07:55.495317,97.06
2025-02-04 11:07:55.558353,97.06
2025-02-04 11:07:55.644909,97.06
2025-02-04 11:07:55.715818,96.22
2025-02-04 11:07:55.795047,96.22
2025-02-04 11:07:55.856190,96.23
2025-02-04 11:07:55.944879,95.66
2025-02-04 11:07:56.008498,96.23
2025-02-04 11:07:56.095387,96.23
2025-02-04 11:07:56.195107,96.23
2025-02-04 11:07:56.259372,96.23
2025-02-04 11:07:56.345499,96.23
2025-02-04 11:07:56.407166,96.23
2025-02-04 11:07:56.493710,96.64
2025-02-04 11:07:56.556328,95.34
2025-02-04 11:07:56.646313,95.34
2025-02-04 11:07:56.717833,95.34
2025-02-04 11:07:56.794756,95.34
2025-02-04 11:07:56.857238,95.34
2025-02-04 11:07:56.945655,95.91
2025-02-04 11:07:57.010640,95.34
2025-02-04 11:07:57.095048,95.34
2025-02-04 11:07:57.160744,95.33
2025-02-04 11:07:57.245528,95.33
2025-02-04 11:07:57.308902,95.33
2025-02-04 11:07:57.395391,95.33
2025-02-04 11:07:57.454216,95.33
2025-02-04 11:07:57.511161,95.33
2025-02-04 11:07:57.594207,95.33
2025-02-04 11:07:57.655885,95.33
2025-02-04 11:07:57.744885,95.88
2025-02-04 11:07:57.808322,95.64
2025-02-04 11:07:57.895345,95.64
2025-02-04 11:07:57.959996,95.64
2025-02-04 11:07:58.044717,95.64
2025-02-04 11:07:58.110281,95.64
2025-02-04 11:07:58.189571,95.64
2025-02-04 11:07:58.246262,95.64
2025-02-04 11:07:58.306937,95.64
2025-02-04 11:07:58.394949,95.92
2025-02-04 11:07:58.442808,96.17
2025-02-04 11:07:58.503111,96.17
2025-02-04 11:07:58.595335,96.17
2025-02-04 11:07:58.668319,96.17
2025-02-04 11:07:58.744572,96.17
2025-02-04 11:07:58.810699,96.17
2025-02-04 11:07:58.894769,95.40
2025-02-04 11:07:58.960556,96.69
2025-02-04 11:07:59.042391,96.45
2025-02-04 11:07:59.107450,96.45
2025-02-04 11:07:59.195850,96.45
2025-02-04 11:07:59.260443,96.45
2025-02-04 11:07:59.345003,96.45
2025-02-04 11:07:59.409125,96.45
2025-02-04 11:07:59.493689,96.45
2025-02-04 11:07:59.558826,96.45
2025-02-04 11:07:59.645445,97.03
2025-02-04 11:07:59.707493,97.03
2025-02-04 11:07:59.795038,97.03
2025-02-04 11:07:59.860558,97.03
2025-02-04 11:07:59.945215,97.03
2025-02-04 11:08:00.017237,97.03
2025-02-04 11:08:00.091718,97.03
2025-02-04 11:08:00.156619,97.03
2025-02-04 11:08:00.245777,97.20
2025-02-04 11:08:00.320208,97.03
2025-02-04 11:08:00.393664,97.03
2025-02-04 11:08:00.457884,97.03
2025-02-04 11:08:00.546451,97.03
2025-02-04 11:08:00.644664,96.26
2025-02-04 11:08:00.707610,96.26
2025-02-04 11:08:00.794903,97.77
2025-02-04 11:08:00.895274,97.77
2025-02-04 11:08:00.958346,98.19
2025-02-04 11:08:01.045216,98.19
2025-02-04 11:08:01.111460,98.19
2025-02-04 11:08:01.194308,97.61
2025-02-04 11:08:01.255031,97.61
2025-02-04 11:08:01.345501,97.84
2025-02-04 11:08:01.408202,97.84
2025-02-04 11:08:01.495525,97.84
2025-02-04 11:08:01.559835,97.84
2025-02-04 11:08:01.645372,98.55
2025-02-04 11:08:01.711352,98.55
2025-02-04 11:08:01.794095,98.55
2025-02-04 11:08:01.855618,98.55
2025-02-04 11:08:01.944025,99.41
2025-02-04 11:08:02.005989,98.63
2025-02-04 11:08:02.089359,99.41
2025-02-04 11:08:02.151553,99.41
2025-02-04 11:08:02.244658,99.41
2025-02-04 11:08:02.308292,99.38
2025-02-04 11:08:02.393423,98.55
2025-02-04 11:08:02.448008,98.55
2025-02-04 11:08:02.500271,98.63
2025-02-04 11:08:02.594933,98.63
2025-02-04 11:08:02.656841,98.63
2025-02-04 11:08:02.745555,99.49
2025-02-04 11:08:02.809913,98.63
2025-02-04 11:08:02.893744,98.19
2025-02-04 11:08:02.955169,98.19
2025-02-04 11:08:03.019213,98.19
2025-02-04 11:08:03.093934,99.19
2025-02-04 11:08:03.159111,99.19
2025-02-04 11:08:03.207121,99.19
2025-02-04 11:08:03.292310,99.19
2025-02-04 11:08:03.352597,99.19
2025-02-04 11:08:03.446682,99.65
2025-02-04 11:08:03.513587,99.65
2025-02-04 11:08:03.594924,99.65
2025-02-04 11:08:03.658653,99.58
2025-02-04 11:08:03.745448,99.58
2025-02-04 11:08:03.807309,99.58
2025-02-04 11:08:03.895534,99.58
2025-02-04 11:08:03.957649,99.58
2025-02-04 11:08:04.040364,99.58
2025-02-04 11:08:04.106442,99.55
2025-02-04 11:08:04.195383,99.55
2025-02-04 11:08:04.254851,100.13
2025-02-04 11:08:04.345251,100.13
2025-02-04 11:08:04.413279,100.13
2025-02-04 11:08:04.491955,100.13
2025-02-04 11:08:04.554413,100.13
2025-02-04 11:08:04.644788,100.13
2025-02-04 11:08:04.704682,99.58
2025-02-04 11:08:04.794890,98.98
2025-02-04 11:08:04.856556,99.06
2025-02-04 11:08:04.944718,99.06
2025-02-04 11:08:05.007223,99.61
2025-02-04 11:08:05.095724,99.61
2025-02-04 11:08:05.156649,99.61
2025-02-04 11:08:05.243915,99.06
2025-02-04 11:08:05.304175,98.94
2025-02-04 11:08:05.394034,99.54
2025-02-04 11:08:05.462950,99.54
2025-02-04 11:08:05.545418,99.54
2025-02-04 11:08:05.607543,99.54
2025-02-04 11:08:05.694660,99.54
2025-02-04 11:08:05.756863,99.54
2025-02-04 11:08:05.845521,99.54
2025-02-04 11:08:05.906333,100.00
2025-02-04 11:08:05.995574,100.00
2025-02-04 11:08:06.060309,100.00
2025-02-04 11:08:06.144799,100.00
2025-02-04 11:08:06.205596,100.00
2025-02-04 11:08:06.294751,100.00
2025-02-04 11:08:06.357293,100.00
2025-02-04 11:08:06.445626,100.00
2025-02-04 11:08:06.504574,100.00
2025-02-04 11:08:06.595044,100.00
2025-02-04 11:08:06.655576,99.43
2025-02-04 11:08:06.745236,99.43
2025-02-04 11:08:06.805343,99.43
2025-02-04 11:08:06.896174,100.00
2025-02-04 11:08:06.954353,100.00
2025-02-04 11:08:07.045089,99.43
2025-02-04 11:08:07.108501,99.43
2025-02-04 11:08:07.195764,101.02
2025-02-04 11:08:07.258335,100.96
2025-02-04 11:08:07.346030,100.96
2025-02-04 11:08:07.408687,100.96
2025-02-04 11:08:07.493952,100.96
2025-02-04 11:08:07.556113,100.96
2025-02-04 11:08:07.645754,100.96
2025-02-04 11:08:07.707417,100.96
2025-02-04 11:08:07.795422,100.96
2025-02-04 11:08:07.858224,100.96
2025-02-04 11:08:07.939230,101.00
2025-02-04 11:08:07.999658,100.13
2025-02-04 11:08:08.060295,99.54
2025-02-04 11:08:08.144140,100.13
2025-02-04 11:08:08.206730,100.13
2025-02-04 11:08:08.294470,100.13
2025-02-04 11:08:08.361148,100.13
2025-02-04 11:08:08.444814,100.13
2025-02-04 11:08:08.507897,100.65
2025-02-04 11:08:08.594780,100.65
2025-02-04 11:08:08.650801,100.65
2025-02-04 11:08:08.711028,98.77
2025-02-04 11:08:08.794719,98.77
2025-02-04 11:08:08.854728,98.77
2025-02-04 11:08:08.945046,98.77
2025-02-04 11:08:09.010100,98.77
2025-02-04 11:08:09.089455,98.77
2025-02-04 11:08:09.148056,99.51
2025-02-04 11:08:09.205228,99.51
2025-02-04 11:08:09.295641,99.51
2025-02-04 11:08:09.355288,99.51
2025-02-04 11:08:09.445394,99.51
2025-02-04 11:08:09.503907,98.60
2025-02-04 11:08:09.595036,98.60
2025-02-04 11:08:09.655949,98.60
2025-02-04 11:08:09.745208,98.60
2025-02-04 11:08:09.805317,97.36
2025-02-04 11:08:09.893913,97.36
2025-02-04 11:08:09.952107,97.36
2025-02-04 11:08:10.045623,97.36
2025-02-04 11:08:10.104295,97.36
2025-02-04 11:08:10.194008,96.23
2025-02-04 11:08:10.254527,96.23
2025-02-04 11:08:10.345817,95.93
2025-02-04 11:08:10.407315,95.93
2025-02-04 11:08:10.495445,95.93
2025-02-04 11:08:10.560702,95.93
2025-02-04 11:08:10.643792,95.93
2025-02-04 11:08:10.702049,95.93
2025-02-04 11:08:10.794440,95.93
2025-02-04 11:08:10.856619,95.93
2025-02-04 11:08:10.943353,95.33
2025-02-04 11:08:11.005788,95.33
2025-02-04 11:08:11.094938,95.33
2025-02-04 11:08:11.158602,95.33
2025-02-04 11:08:11.244438,95.33
2025-02-04 11:08:11.308796,95.33
2025-02-04 11:08:11.395144,95.33
2025-02-04 11:08:11.457535,95.33
2025-02-04 11:08:11.545493,95.33
2025-02-04 11:08:11.607000,94.23
2025-02-04 11:08:11.694612,93.25
2025-02-04 11:08:11.752346,93.25
2025-02-04 11:08:11.809382,93.25
2025-02-04 11:08:11.894893,94.00
2025-02-04 11:08:11.961207,94.00
2025-02-04 11:08:12.046342,94.00
2025-02-04 11:08:12.113610,93.54
2025-02-04 11:08:12.195290,93.54
2025-02-04 11:08:12.258098,93.54
2025-02-04 11:08:12.345601,92.73
2025-02-04 11:08:12.407242,92.73
2025-02-04 11:08:12.493940,92.73
2025-02-04 11:08:12.556408,92.73
2025-02-04 11:08:12.613455,92.31
2025-02-04 11:08:12.695230,92.31
2025-02-04 11:08:12.755252,92.31
2025-02-04 11:08:12.844602,92.31
2025-02-04 11:08:12.905955,92.31
2025-02-04 11:08:12.996392,92.31
2025-02-04 11:08:13.060565,91.82
2025-02-04 11:08:13.144334,91.82
2025-02-04 11:08:13.203457,91.35
2025-02-04 11:08:13.292309,91.35
2025-02-04 11:08:13.353800,91.87
2025-02-04 11:08:13.446265,91.87
2025-02-04 11:08:13.508134,91.87
2025-02-04 11:08:13.560514,91.35
2025-02-04 11:08:13.644753,91.35
2025-02-04 11:08:13.705810,91.07
2025-02-04 11:08:13.795884,89.72
2025-02-04 11:08:13.860328,89.72
2025-02-04 11:08:13.943218,89.72
2025-02-04 11:08:14.007349,89.72
2025-02-04 11:08:14.094644,89.72
2025-02-04 11:08:14.157580,89.72
2025-02-04 11:08:14.245462,89.72
2025-02-04 11:08:14.344186,89.20
2025-02-04 11:08:14.412466,89.39
2025-02-04 11:08:14.494659,89.39
2025-02-04 11:08:14.568990,89.39
2025-02-04 11:08:14.644881,89.39
2025-02-04 11:08:14.711551,90.13
2025-02-04 11:08:14.795252,90.13
2025-02-04 11:08:14.857549,89.39
2025-02-04 11:08:14.943764,89.39
2025-02-04 11:08:15.014718,88.76
2025-02-04 11:08:15.095476,88.76
2025-02-04 11:08:15.157308,88.76
2025-02-04 11:08:15.244579,88.76
2025-02-04 11:08:15.308616,88.76
2025-02-04 11:08:15.394724,88.76
2025-02-04 11:08:15.455272,88.76
2025-02-04 11:08:15.544095,88.62
2025-02-04 11:08:15.643776,89.80
2025-02-04 11:08:15.707427,89.27
2025-02-04 11:08:15.795514,89.80
2025-02-04 11:08:15.860586,89.80
2025-02-04 11:08:15.944746,89.80
2025-02-04 11:08:16.006477,89.80
2025-02-04 11:08:16.094835,89.27
2025-02-04 11:08:16.151752,89.27
2025-02-04 11:08:16.243079,88.12
2025-02-04 11:08:16.307307,88.48
2025-02-04 11:08:16.394385,88.48
2025-02-04 11:08:16.457001,88.48
2025-02-04 11:08:16.542044,88.48
2025-02-04 11:08:16.604275,88.48
2025-02-04 11:08:16.694773,88.48
2025-02-04 11:08:16.762047,87.81
2025-02-04 11:08:16.844151,88.48
2025-02-04 11:08:16.908087,88.48
2025-02-04 11:08:16.995552,88.48
2025-02-04 11:08:17.059683,88.48
2025-02-04 11:08:17.143240,88.48
2025-02-04 11:08:17.202248,88.48
2025-02-04 11:08:17.294187,88.34
2025-02-04 11:08:17.394944,88.34
2025-02-04 11:08:17.457652,88.34
2025-02-04 11:08:17.545056,88.99
2025-02-04 11:08:17.602552,88.99
2025-02-04 11:08:17.695127,88.99
2025-02-04 11:08:17.760991,88.99
2025-02-04 11:08:17.844858,88.99
2025-02-04 11:08:17.906923,88.99
2025-02-04 11:08:17.995525,88.35
2025-02-04 11:08:18.088768,88.86
2025-02-04 11:08:18.152629,88.86
2025-02-04 11:08:18.243760,88.86
2025-02-04 11:08:18.308337,88.86
2025-02-04 11:08:18.394630,88.86
2025-02-04 11:08:18.459853,88.86
2025-02-04 11:08:18.546680,88.86
2025-02-04 11:08:18.612501,88.86
2025-02-04 11:08:18.695184,88.97
2025-02-04 11:08:18.757446,88.78
2025-02-04 11:08:18.843262,88.78
2025-02-04 11:08:18.907029,88.78
2025-02-04 11:08:18.994936,88.78
2025-02-04 11:08:19.058764,88.78
2025-02-04 11:08:19.143677,88.78
2025-02-04 11:08:19.207198,88.78
2025-02-04 11:08:19.295383,88.78
2025-02-04 11:08:19.354578,89.88
2025-02-04 11:08:19.444843,90.45
2025-02-04 11:08:19.510964,89.73
2025-02-04 11:08:19.594880,89.73
2025-02-04 11:08:19.658134,90.45
2025-02-04 11:08:19.744940,90.45
2025-02-04 11:08:19.808809,90.45
2025-02-04 11:08:19.894639,90.45
2025-02-04 11:08:19.956474,90.45
2025-02-04 11:08:20.044601,90.45
2025-02-04 11:08:20.109181,89.76
2025-02-04 11:08:20.194760,90.05
2025-02-04 11:08:20.254979,90.05
2025-02-04 11:08:20.344605,90.05
2025-02-04 11:08:20.407344,90.05
2025-02-04 11:08:20.493352,90.05
2025-02-04 11:08:20.558081,90.05
2025-02-04 11:08:20.644168,90.05
2025-02-04 11:08:20.707034,90.05
2025-02-04 11:08:20.794590,90.05
2025-02-04 11:08:20.857899,89.39
2025-02-04 11:08:20.944505,90.03
2025-02-04 11:08:21.045279,90.03
2025-02-04 11:08:21.107336,90.03
2025-02-04 11:08:21.194690,90.03
2025-02-04 11:08:21.261310,90.03
2025-02-04 11:08:21.342506,90.03
2025-02-04 11:08:21.402802,90.03
2025-02-04 11:08:21.495456,90.03
2025-02-04 11:08:21.560468,90.03
2025-02-04 11:08:21.645229,89.09
2025-02-04 11:08:21.706825,90.43
2025-02-04 11:08:21.793967,90.43
2025-02-04 11:08:21.870839,90.43
2025-02-04 11:08:21.946118,90.43
2025-02-04 11:08:22.003876,90.43
2025-02-04 11:08:22.096614,90.43
2025-02-04 11:08:22.160277,90.43
2025-02-04 11:08:22.244117,90.43
2025-02-04 11:08:22.311207,89.79
2025-02-04 11:08:22.394506,89.79
2025-02-04 11:08:22.454617,89.75
2025-02-04 11:08:22.544859,89.75
2025-02-04 11:08:22.604614,90.26
2025-02-04 11:08:22.694745,90.26
2025-02-04 11:08:22.767977,89.75
2025-02-04 11:08:22.843864,89.75
2025-02-04 11:08:22.903968,89.75
2025-02-04 11:08:22.996923,89.58
2025-02-04 11:08:23.058950,89.58
2025-02-04 11:08:23.144167,90.15
2025-02-04 11:08:23.204216,90.15
2025-02-04 11:08:23.294391,90.15
2025-02-04 11:08:23.357596,90.15
2025-02-04 11:08:23.445606,90.15
2025-02-04 11:08:23.505485,90.15
2025-02-04 11:08:23.595194,90.15
2025-02-04 11:08:23.664647,90.17
2025-02-04 11:08:23.743428,90.17
2025-02-04 11:08:23.805732,90.17
2025-02-04 11:08:23.894786,90.54
2025-02-04 11:08:23.960879,90.54
2025-02-04 11:08:24.044826,90.54
2025-02-04 11:08:24.107314,90.54
2025-02-04 11:08:24.192276,90.54
2025-02-04 11:08:24.254590,90.54
2025-02-04 11:08:24.343524,91.02
2025-02-04 11:08:24.406659,90.34
2025-02-04 11:08:24.494556,90.34
2025-02-04 11:08:24.592618,90.34
2025-02-04 11:08:24.658203,91.30
2025-02-04 11:08:24.745047,91.30
2025-02-04 11:08:24.807431,91.30
2025-02-04 11:08:24.892809,91.30
2025-02-04 11:08:24.955799,90.57
2025-02-04 11:08:25.038297,90.27
2025-02-04 11:08:25.098741,90.27
2025-02-04 11:08:25.161013,90.27
2025-02-04 11:08:25.244426,90.27
2025-02-04 11:08:25.311578,90.14
2025-02-04 11:08:25.394695,90.14
2025-02-04 11:08:25.459595,90.14
2025-02-04 11:08:25.545248,90.14
2025-02-04 11:08:25.607539,90.14
2025-02-04 11:08:25.692279,90.27
2025-02-04 11:08:25.754498,90.27
2025-02-04 11:08:25.844942,90.27
2025-02-04 11:08:25.908756,90.27
2025-02-04 11:08:25.995651,89.86
2025-02-04 11:08:26.059751,89.86
2025-02-04 11:08:26.145090,89.86
2025-02-04 11:08:26.211139,89.86
2025-02-04 11:08:26.290353,89.86
2025-02-04 11:08:26.350908,89.87
2025-02-04 11:08:26.443611,89.87
2025-02-04 11:08:26.507884,89.87
2025-02-04 11:08:26.594545,89.29
2025-02-04 11:08:26.660850,89.29
2025-02-04 11:08:26.742937,89.29
2025-02-04 11:08:26.809075,89.29
2025-02-04 11:08:26.894335,89.29
2025-02-04 11:08:26.961001,89.29
2025-02-04 11:08:27.045276,89.29
2025-02-04 11:08:27.122513,89.20
2025-02-04 11:08:27.194872,88.37
2025-02-04 11:08:27.262072,88.90
2025-02-04 11:08:27.344667,88.90
2025-02-04 11:08:27.409376,88.90
2025-02-04 11:08:27.494657,88.90
2025-02-04 11:08:27.557293,88.90
2025-02-04 11:08:27.645287,88.90
2025-02-04 11:08:27.707470,88.90
2025-02-04 11:08:27.793232,87.68
2025-02-04 11:08:27.894623,87.68
2025-02-04 11:08:27.994961,87.68
2025-02-04 11:08:28.094455,87.68
2025-02-04 11:08:28.159996,87.68
2025-02-04 11:08:28.244841,87.68
2025-02-04 11:08:28.308399,87.68
2025-02-04 11:08:28.395367,86.96
2025-02-04 11:08:28.460302,86.96
2025-02-04 11:08:28.544704,86.96
2025-02-04 11:08:28.610659,86.96
2025-02-04 11:08:28.695082,85.99
2025-02-04 11:08:28.760055,85.99
2025-02-04 11:08:28.843887,85.99
2025-02-04 11:08:28.908860,85.99
2025-02-04 11:08:28.994787,85.32
2025-02-04 11:08:29.068286,85.32
2025-02-04 11:08:29.144223,85.32
2025-02-04 11:08:29.209200,85.32
2025-02-04 11:08:29.293978,85.32
2025-02-04 11:08:29.358239,85.32
2025-02-04 11:08:29.442291,84.87
2025-02-04 11:08:29.506495,84.87
2025-02-04 11:08:29.594248,84.80
2025-02-04 11:08:29.659634,84.80
2025-02-04 11:08:29.743953,85.42
2025-02-04 11:08:29.809195,85.42
2025-02-04 11:08:29.890014,85.42
2025-02-04 11:08:29.957570,84.80
2025-02-04 11:08:29.993387,84.80
2025-02-04 11:08:30.035504,85.07
2025-02-04 11:08:30.091559,85.07
2025-02-04 11:08:30.135785,84.90
2025-02-04 11:08:30.186067,84.90
2025-02-04 11:08:30.234562,84.90
2025-02-04 11:08:30.287495,84.90
2025-02-04 11:08:30.337515,84.90
2025-02-04 11:08:30.387964,84.90
2025-02-04 11:08:30.434552,84.90
2025-02-04 11:08:30.484514,84.90
2025-02-04 11:08:30.535429,86.11
2025-02-04 11:08:30.584946,85.84
2025-02-04 11:08:30.633889,85.84
2025-02-04 11:08:30.683622,85.84
2025-02-04 11:08:30.734328,85.84
2025-02-04 11:08:30.784455,85.84
2025-02-04 11:08:30.837066,85.84
2025-02-04 11:08:30.886919,85.84
2025-02-04 11:08:30.942228,85.84
2025-02-04 11:08:30.984066,85.84
2025-02-04 11:08:31.036644,88.37
2025-02-04 11:08:31.084089,88.37
2025-02-04 11:08:31.134740,88.37
2025-02-04 11:08:31.184324,88.37
2025-02-04 11:08:31.234783,88.37
2025-02-04 11:08:31.285885,88.37
2025-02-04 11:08:31.341553,88.37
2025-02-04 11:08:31.391796,88.37
2025-02-04 11:08:31.453070,88.37
2025-02-04 11:08:31.543085,89.85
2025-02-04 11:08:31.601590,90.16
2025-02-04 11:08:31.645313,90.16
2025-02-04 11:08:31.690741,90.16
2025-02-04 11:08:31.741910,90.16
2025-02-04 11:08:31.809980,90.16
2025-02-04 11:08:31.890053,90.16
2025-02-04 11:08:31.940037,90.16
2025-02-04 11:08:31.988843,90.16
2025-02-04 11:08:32.038407,91.58
2025-02-04 11:08:32.088178,92.41
2025-02-04 11:08:32.140069,92.41
2025-02-04 11:08:32.198042,92.41
2025-02-04 11:08:32.236655,92.41
2025-02-04 11:08:32.297763,92.41
2025-02-04 11:08:32.337367,92.41
2025-02-04 11:08:32.387490,92.41
2025-02-04 11:08:32.436268,92.41
2025-02-04 11:08:32.488951,93.77
2025-02-04 11:08:32.536046,93.77
2025-02-04 11:08:32.585302,94.25
2025-02-04 11:08:32.633884,94.25
2025-02-04 11:08:32.684750,94.68
2025-02-04 11:08:32.734537,94.68
2025-02-04 11:08:32.784371,94.25
2025-02-04 11:08:32.834795,94.25
2025-02-04 11:08:32.884685,94.25
2025-02-04 11:08:33.012316,96.50
2025-02-04 11:08:33.037393,96.50
2025-02-04 11:08:33.084524,96.93
2025-02-04 11:08:33.135657,96.93
2025-02-04 11:08:33.183827,96.93
2025-02-04 11:08:33.234243,96.93
2025-02-04 11:08:33.283883,96.40
2025-02-04 11:08:33.334715,96.40
2025-02-04 11:08:33.383996,96.40
2025-02-04 11:08:33.434515,97.61
2025-02-04 11:08:33.483838,97.61
2025-02-04 11:08:33.534446,97.48
2025-02-04 11:08:33.584594,97.48
2025-02-04 11:08:33.634325,98.01
2025-02-04 11:08:33.684915,98.01
2025-02-04 11:08:33.734051,97.48
2025-02-04 11:08:33.784440,97.48
2025-02-04 11:08:33.834442,97.48
2025-02-04 11:08:33.884419,99.15
2025-02-04 11:08:33.934226,101.15
2025-02-04 11:08:33.984396,101.15
2025-02-04 11:08:34.034252,101.15
2025-02-04 11:08:34.082956,101.15
2025-02-04 11:08:34.134266,101.15
2025-02-04 11:08:34.184059,101.15
2025-02-04 11:08:34.233458,101.15
2025-02-04 11:08:34.284359,101.15
2025-02-04 11:08:34.333883,102.71
2025-02-04 11:08:34.384666,102.71
2025-02-04 11:08:34.435832,103.48
2025-02-04 11:08:34.483763,103.48
2025-02-04 11:08:34.534288,103.48
2025-02-04 11:08:34.584024,104.06
2025-02-04 11:08:34.636535,103.48
2025-02-04 11:08:34.684104,103.48
2025-02-04 11:08:34.735428,103.48
2025-02-04 11:08:34.784048,104.93
2025-02-04 11:08:34.835836,104.93
2025-02-04 11:08:34.883598,106.10
2025-02-04 11:08:34.936677,106.10
2025-02-04 11:08:34.983452,106.10
2025-02-04 11:08:35.035912,106.10
2025-02-04 11:08:35.084119,106.10
2025-02-04 11:08:35.133751,106.10
2025-02-04 11:08:35.184364,106.10
2025-02-04 11:08:35.234408,107.48
2025-02-04 11:08:35.283842,107.48
2025-02-04 11:08:35.334025,109.12
2025-02-04 11:08:35.385977,109.12
2025-02-04 11:08:35.433824,109.12
2025-02-04 11:08:35.484321,109.12
2025-02-04 11:08:35.536079,109.12
2025-02-04 11:08:35.584031,109.12
2025-02-04 11:08:35.634307,110.99
2025-02-04 11:08:35.683976,110.99
2025-02-04 11:08:35.733291,110.99
2025-02-04 11:08:35.786408,113.94
2025-02-04 11:08:35.833934,113.94
2025-02-04 11:08:35.884284,113.94
2025-02-04 11:08:35.936499,113.94
2025-02-04 11:08:35.984191,113.94
2025-02-04 11:08:36.034235,113.94
2025-02-04 11:08:36.084109,114.99
2025-02-04 11:08:36.134022,114.99
2025-02-04 11:08:36.185252,114.99
2025-02-04 11:08:36.236289,114.99
2025-02-04 11:08:36.284552,120.25
2025-02-04 11:08:36.333993,120.25
2025-02-04 11:08:36.383994,119.46
2025-02-04 11:08:36.434355,119.46
2025-02-04 11:08:36.485714,119.46
2025-02-04 11:08:36.534933,120.24
2025-02-04 11:08:36.584757,121.00
2025-02-04 11:08:36.634766,120.24
2025-02-04 11:08:36.684202,120.24
2025-02-04 11:08:36.733967,121.00
2025-02-04 11:08:36.784116,125.51
2025-02-04 11:08:36.833795,124.64
2025-02-04 11:08:36.883860,124.64
2025-02-04 11:08:36.936249,125.16
2025-02-04 11:08:36.983927,125.98
2025-02-04 11:08:37.033727,125.98
2025-02-04 11:08:37.084096,125.16
2025-02-04 11:08:37.133937,125.98
2025-02-04 11:08:37.185172,125.98
2025-02-04 11:08:37.233895,125.98
2025-02-04 11:08:37.283850,125.98
2025-02-04 11:08:37.335218,128.60
2025-02-04 11:08:37.383954,128.87
2025-02-04 11:08:37.434038,129.76
2025-02-04 11:08:37.484173,129.76
2025-02-04 11:08:37.533794,128.87
2025-02-04 11:08:37.584934,129.76
2025-02-04 11:08:37.633861,129.76
2025-02-04 11:08:37.684312,129.76
2025-02-04 11:08:37.733941,129.76
2025-02-04 11:08:37.784499,130.43
2025-02-04 11:08:37.833785,130.62
2025-02-04 11:08:37.883979,130.62
2025-02-04 11:08:37.934371,131.51
2025-02-04 11:08:37.983798,130.62
2025-02-04 11:08:38.034046,131.51
2025-02-04 11:08:38.083942,131.51
2025-02-04 11:08:38.133817,130.62
2025-02-04 11:08:38.183503,130.62
2025-02-04 11:08:38.235377,131.62
2025-02-04 11:08:38.283942,131.51
2025-02-04 11:08:38.334043,131.51
2025-02-04 11:08:38.383922,131.51
2025-02-04 11:08:38.433844,131.51
2025-02-04 11:08:38.486211,131.51
2025-02-04 11:08:38.533631,131.51
2025-02-04 11:08:38.583376,131.51
2025-02-04 11:08:38.635833,131.51
2025-02-04 11:08:38.684214,131.61
2025-02-04 11:08:38.734157,132.42
2025-02-04 11:08:38.783952,132.42
2025-02-04 11:08:38.835609,133.35
2025-02-04 11:08:38.884461,133.35
2025-02-04 11:08:38.934766,133.35
2025-02-04 11:08:38.984160,133.35
2025-02-04 11:08:39.033818,132.42
2025-02-04 11:08:39.083355,133.34
2025-02-04 11:08:39.136229,133.34
2025-02-04 11:08:39.184474,133.34
2025-02-04 11:08:39.234825,134.29
2025-02-04 11:08:39.283729,134.29
2025-02-04 11:08:39.333848,134.29
2025-02-04 11:08:39.385127,134.29
2025-02-04 11:08:39.432803,134.29
2025-02-04 11:08:39.485134,134.29
2025-02-04 11:08:39.534928,134.24
2025-02-04 11:08:39.584958,134.24
2025-02-04 11:08:39.634467,135.13
2025-02-04 11:08:39.683915,134.42
2025-02-04 11:08:39.734177,134.42
2025-02-04 11:08:39.783777,135.37
2025-02-04 11:08:39.833669,135.37
2025-02-04 11:08:39.883149,134.42
2025-02-04 11:08:39.933955,134.42
2025-02-04 11:08:39.983470,134.36
2025-02-04 11:08:40.033890,134.36
2025-02-04 11:08:40.083670,135.22
2025-02-04 11:08:40.136033,135.22
2025-02-04 11:08:40.182995,135.22
2025-02-04 11:08:40.236542,135.22
2025-02-04 11:08:40.283840,135.22
2025-02-04 11:08:40.333649,135.22
2025-02-04 11:08:40.384770,135.22
2025-02-04 11:08:40.436201,135.10
2025-02-04 11:08:40.483912,135.10
2025-02-04 11:08:40.533307,135.10
2025-02-04 11:08:40.583660,136.16
2025-02-04 11:08:40.633855,136.16
2025-02-04 11:08:40.685477,136.16
2025-02-04 11:08:40.736212,137.16
2025-02-04 11:08:40.783710,135.21
2025-02-04 11:08:40.835311,135.21
2025-02-04 11:08:40.883771,135.21
2025-02-04 11:08:40.936231,134.21
2025-02-04 11:08:40.982977,136.16
2025-02-04 11:08:41.033633,136.16
2025-02-04 11:08:41.086143,136.16
2025-02-04 11:08:41.133571,136.16
2025-02-04 11:08:41.183469,136.16
2025-02-04 11:08:41.235807,136.16
2025-02-04 11:08:41.283979,136.16
2025-02-04 11:08:41.333807,136.16
2025-02-04 11:08:41.386004,135.11
2025-02-04 11:08:41.434251,136.00
2025-02-04 11:08:41.483813,136.16
2025-02-04 11:08:41.533606,136.16
2025-02-04 11:08:41.583127,136.16
2025-02-04 11:08:41.635307,136.16
2025-02-04 11:08:41.684063,136.16
2025-02-04 11:08:41.733983,136.16
2025-02-04 11:08:41.783618,136.16
2025-02-04 11:08:41.836076,135.08
2025-02-04 11:08:41.885889,136.00
2025-02-04 11:08:41.934520,136.19
2025-02-04 11:08:41.984232,136.19
2025-02-04 11:08:42.033597,136.19
2025-02-04 11:08:42.083680,136.19
2025-02-04 11:08:42.135194,136.19
2025-02-04 11:08:42.183891,136.19
2025-02-04 11:08:42.234755,135.21
2025-02-04 11:08:42.283871,135.11
2025-02-04 11:08:42.333500,135.11
2025-02-04 11:08:42.386047,135.20
2025-02-04 11:08:42.433786,135.20
2025-02-04 11:08:42.483853,135.20
2025-02-04 11:08:42.533442,135.20
2025-02-04 11:08:42.584285,135.20
2025-02-04 11:08:42.634448,135.20
2025-02-04 11:08:42.683843,135.20
2025-02-04 11:08:42.733817,135.20
2025-02-04 11:08:42.783755,134.20
2025-02-04 11:08:42.833568,134.30
2025-02-04 11:08:42.884029,134.30
2025-02-04 11:08:42.933713,134.30
2025-02-04 11:08:42.984412,134.30
2025-02-04 11:08:43.034098,134.30
2025-02-04 11:08:43.083924,134.30
2025-02-04 11:08:43.133123,134.30
2025-02-04 11:08:43.184445,134.30
2025-02-04 11:08:43.238990,133.34
2025-02-04 11:08:43.309452,134.27
2025-02-04 11:08:43.378220,134.27
2025-02-04 11:08:43.448981,134.27
2025-02-04 11:08:43.516421,134.27
2025-02-04 11:08:43.586032,134.27
2025-02-04 11:08:43.654078,134.27
2025-02-04 11:08:43.723612,134.27
2025-02-04 11:08:43.791241,132.83
2025-02-04 11:08:43.858677,132.80
2025-02-04 11:08:43.927439,132.80
2025-02-04 11:08:43.995924,132.80
2025-02-04 11:08:44.064063,132.80
2025-02-04 11:08:44.133008,132.80
2025-02-04 11:08:44.201451,132.80
2025-02-04 11:08:44.269365,132.80
2025-02-04 11:08:44.338203,132.80
2025-02-04 11:08:44.407628,130.02
2025-02-04 11:08:44.473430,128.94
2025-02-04 11:08:44.543932,128.94
2025-02-04 11:08:44.612308,128.94
2025-02-04 11:08:44.681192,128.94
2025-02-04 11:08:44.748669,128.94
2025-02-04 11:08:44.817995,128.94
2025-02-04 11:08:44.884986,128.94
2025-02-04 11:08:44.953904,128.94
2025-02-04 11:08:45.022781,126.12
2025-02-04 11:08:45.090443,126.12
2025-02-04 11:08:45.159362,126.12
2025-02-04 11:08:45.228020,126.12
2025-02-04 11:08:45.295764,126.12
2025-02-04 11:08:45.364768,127.27
2025-02-04 11:08:45.432031,126.12
2025-02-04 11:08:45.501111,126.12
2025-02-04 11:08:45.569026,126.12
2025-02-04 11:08:45.635992,124.24
2025-02-04 11:08:45.704828,124.24
2025-02-04 11:08:45.775502,124.24
2025-02-04 11:08:45.844354,124.24
2025-02-04 11:08:45.911577,124.24
2025-02-04 11:08:45.980925,125.35
2025-02-04 11:08:46.049766,124.24
2025-02-04 11:08:46.119209,124.24
2025-02-04 11:08:46.188015,124.24
2025-02-04 11:08:46.255194,122.24
2025-02-04 11:08:46.324133,120.85
2025-02-04 11:08:46.391877,120.85
2025-02-04 11:08:46.460618,120.85
2025-02-04 11:08:46.529123,120.85
2025-02-04 11:08:46.598286,121.91
2025-02-04 11:08:46.665900,120.85
2025-02-04 11:08:46.734588,120.85
2025-02-04 11:08:46.802496,120.85
2025-02-04 11:08:46.871497,117.59
2025-02-04 11:08:46.940551,117.59
2025-02-04 11:08:47.008113,117.59
2025-02-04 11:08:47.077273,117.59
2025-02-04 11:08:47.149176,117.59
2025-02-04 11:08:47.215606,117.59
2025-02-04 11:08:47.284456,117.59
2025-02-04 11:08:47.353832,117.59
2025-02-04 11:08:47.421141,116.68
2025-02-04 11:08:47.486414,115.27
2025-02-04 11:08:47.554921,115.27
2025-02-04 11:08:47.623193,115.27
2025-02-04 11:08:47.692105,115.27
2025-02-04 11:08:47.764010,116.22
2025-02-04 11:08:47.832794,116.22
2025-02-04 11:08:47.900808,115.27
2025-02-04 11:08:47.969545,115.27
2025-02-04 11:08:48.038272,114.24
2025-02-04 11:08:48.106184,113.00
2025-02-04 11:08:48.174979,113.00
2025-02-04 11:08:48.242353,113.00
2025-02-04 11:08:48.311325,113.00
2025-02-04 11:08:48.381851,113.00
2025-02-04 11:08:48.449681,113.93
2025-02-04 11:08:48.516975,113.00
2025-02-04 11:08:48.586555,113.00
2025-02-04 11:08:48.652126,111.17
2025-02-04 11:08:48.723992,111.07
2025-02-04 11:08:48.792902,111.07
2025-02-04 11:08:48.861947,111.07
2025-02-04 11:08:48.929445,111.07
2025-02-04 11:08:48.998284,111.07
2025-02-04 11:08:49.068873,111.07
2025-02-04 11:08:49.135193,111.07
2025-02-04 11:08:49.204284,110.52
2025-02-04 11:08:49.271692,110.52
2025-02-04 11:08:49.340295,109.59
2025-02-04 11:08:49.409524,108.73
2025-02-04 11:08:49.476718,109.59
2025-02-04 11:08:49.547512,109.59
2025-02-04 11:08:49.615054,109.59
2025-02-04 11:08:49.683617,109.59
2025-02-04 11:08:49.751573,109.59
2025-02-04 11:08:49.820571,108.73
2025-02-04 11:08:49.888118,107.40
2025-02-04 11:08:49.955625,107.54
2025-02-04 11:08:50.026073,107.54
2025-02-04 11:08:50.093374,107.54
2025-02-04 11:08:50.162386,107.54
2025-02-04 11:08:50.229661,107.54
2025-02-04 11:08:50.298297,107.54
2025-02-04 11:08:50.368811,107.54
2025-02-04 11:08:50.435023,107.54
2025-02-04 11:08:50.503910,106.16
2025-02-04 11:08:50.571335,104.79
2025-02-04 11:08:50.640519,104.79
2025-02-04 11:08:50.709580,104.79
2025-02-04 11:08:50.778386,104.79
2025-02-04 11:08:50.846306,104.79
2025-02-04 11:08:50.916138,105.57
2025-02-04 11:08:50.982894,104.79
2025-02-04 11:08:51.051479,104.79
2025-02-04 11:08:51.120682,103.31
2025-02-04 11:08:51.189551,103.67
2025-02-04 11:08:51.258527,103.67
2025-02-04 11:08:51.327437,103.67
2025-02-04 11:08:51.395028,103.67
2025-02-04 11:08:51.463885,103.67
2025-02-04 11:08:51.533238,103.67
2025-02-04 11:08:51.600590,103.67
2025-02-04 11:08:51.667933,103.67
2025-02-04 11:08:51.736712,102.38
2025-02-04 11:08:51.806875,102.38
2025-02-04 11:08:51.874775,102.38
2025-02-04 11:08:51.942044,102.38
2025-02-04 11:08:52.011051,102.38
2025-02-04 11:08:52.078533,102.38
2025-02-04 11:08:52.147664,102.38
2025-02-04 11:08:52.214951,102.38
2025-02-04 11:08:52.284110,102.38
2025-02-04 11:08:52.352475,102.08
2025-02-04 11:08:52.421539,100.60
2025-02-04 11:08:52.485464,100.60
2025-02-04 11:08:52.554232,100.60
2025-02-04 11:08:52.622716,100.60
2025-02-04 11:08:52.693032,100.60
2025-02-04 11:08:52.762101,100.60
2025-02-04 11:08:52.830804,100.60
2025-02-04 11:08:52.899831,100.60
2025-02-04 11:08:52.966995,101.10
2025-02-04 11:08:53.037097,99.61
2025-02-04 11:08:53.104751,99.61
2025-02-04 11:08:53.172499,99.61
2025-02-04 11:08:53.241417,99.61
2025-02-04 11:08:53.311548,99.61
2025-02-04 11:08:53.379628,99.61
2025-02-04 11:08:53.448546,99.61
2025-02-04 11:08:53.516084,99.47
2025-02-04 11:08:53.588395,99.47
2025-02-04 11:08:53.654627,98.71
2025-02-04 11:08:53.724153,98.71
2025-02-04 11:08:53.792856,98.71
2025-02-04 11:08:53.861642,98.71
2025-02-04 11:08:53.932183,98.71
2025-02-04 11:08:53.998747,98.71
2025-02-04 11:08:54.067544,98.71
2025-02-04 11:08:54.134918,99.26
2025-02-04 11:08:54.205602,99.26
2025-02-04 11:08:54.272934,99.38
2025-02-04 11:08:54.342033,99.38
2025-02-04 11:08:54.410337,99.38
2025-02-04 11:08:54.477798,99.38
2025-02-04 11:08:54.548816,99.38
2025-02-04 11:08:54.614365,99.38
2025-02-04 11:08:54.684639,99.25
2025-02-04 11:08:54.752732,99.25
2025-02-04 11:08:54.821537,99.25
2025-02-04 11:08:54.890112,99.37
2025-02-04 11:08:54.957950,100.08
2025-02-04 11:08:55.026333,99.37
2025-02-04 11:08:55.094039,99.37
2025-02-04 11:08:55.163028,99.37
2025-02-04 11:08:55.231839,99.91
2025-02-04 11:08:55.299191,99.91
2025-02-04 11:08:55.369428,99.91
2025-02-04 11:08:55.435718,100.59
2025-02-04 11:08:55.504743,100.79
2025-02-04 11:08:55.573435,100.07
2025-02-04 11:08:55.641268,100.07
2025-02-04 11:08:55.711188,100.07
2025-02-04 11:08:55.777592,100.59
2025-02-04 11:08:55.848060,100.59
2025-02-04 11:08:55.915534,100.59
2025-02-04 11:08:55.984701,101.27
2025-02-04 11:08:56.053475,101.27
2025-02-04 11:08:56.121022,101.53
2025-02-04 11:08:56.185860,100.81
2025-02-04 11:08:56.255240,100.81
2025-02-04 11:08:56.324283,101.28
2025-02-04 11:08:56.393473,101.28
2025-02-04 11:08:56.462031,101.28
2025-02-04 11:08:56.533660,101.28
2025-02-04 11:08:56.604111,101.28
2025-02-04 11:08:56.673014,101.28
2025-02-04 11:08:56.740270,101.57
2025-02-04 11:08:56.808045,101.57
2025-02-04 11:08:56.878221,101.57
2025-02-04 11:08:56.946368,101.98
2025-02-04 11:08:57.013775,101.98
2025-02-04 11:08:57.082750,101.98
2025-02-04 11:08:57.152790,101.98
2025-02-04 11:08:57.221094,101.98
2025-02-04 11:08:57.289951,101.98
2025-02-04 11:08:57.359134,102.26
2025-02-04 11:08:57.427812,102.26
2025-02-04 11:08:57.492433,101.95
2025-02-04 11:08:57.561115,101.95
2025-02-04 11:08:57.629053,101.95
2025-02-04 11:08:57.698130,101.95
2025-02-04 11:08:57.769884,101.95
2025-02-04 11:08:57.838992,101.95
2025-02-04 11:08:57.906467,101.95
2025-02-04 11:08:57.976489,102.26
2025-02-04 11:08:58.043993,102.26
2025-02-04 11:08:58.111555,102.64
2025-02-04 11:08:58.181864,102.64
2025-02-04 11:08:58.249265,102.64
2025-02-04 11:08:58.317068,102.64
2025-02-04 11:08:58.385859,102.64
2025-02-04 11:08:58.454829,102.64
2025-02-04 11:08:58.519495,102.64
2025-02-04 11:08:58.591162,102.24
2025-02-04 11:08:58.659870,101.94
2025-02-04 11:08:58.728597,101.94
2025-02-04 11:08:58.797901,101.94
2025-02-04 11:08:58.865709,101.94
2025-02-04 11:08:58.935717,101.94
2025-02-04 11:08:59.003360,101.94
2025-02-04 11:08:59.070880,101.94
2025-02-04 11:08:59.139863,102.25
2025-02-04 11:08:59.210314,102.25
2025-02-04 11:08:59.277899,102.65
2025-02-04 11:08:59.348939,102.65
2025-02-04 11:08:59.414184,102.65
2025-02-04 11:08:59.482440,102.65
2025-02-04 11:08:59.550829,102.65
2025-02-04 11:08:59.619000,102.65
2025-02-04 11:08:59.687576,102.65
2025-02-04 11:08:59.759863,103.01
2025-02-04 11:08:59.828040,102.63
2025-02-04 11:08:59.895285,102.63
2025-02-04 11:08:59.963866,102.63
2025-02-04 11:09:00.032901,102.63
2025-02-04 11:09:00.101468,102.63
2025-02-04 11:09:00.171107,102.63
2025-02-04 11:09:00.237668,102.63
2025-02-04 11:09:00.305277,102.63
2025-02-04 11:09:00.372864,103.72
2025-02-04 11:09:00.442517,103.33
2025-02-04 11:09:00.510136,103.33
2025-02-04 11:09:00.584434,103.33
2025-02-04 11:09:00.652306,103.33
2025-02-04 11:09:00.716216,103.33
2025-02-04 11:09:00.783454,103.33
2025-02-04 11:09:00.851671,103.33
2025-02-04 11:09:00.923146,103.33
2025-02-04 11:09:00.995433,103.33
2025-02-04 11:09:01.061784,102.62
2025-02-04 11:09:01.129368,102.62
2025-02-04 11:09:01.201346,102.62
2025-02-04 11:09:01.267619,102.62
2025-02-04 11:09:01.336369,102.62
2025-02-04 11:09:01.404554,102.62
2025-02-04 11:09:01.472909,102.62
2025-02-04 11:09:01.542292,102.62
2025-02-04 11:09:01.610704,103.33
2025-02-04 11:09:01.680857,103.33
2025-02-04 11:09:01.745414,103.33
2025-02-04 11:09:01.812004,103.33
2025-02-04 11:09:01.879285,103.33
2025-02-04 11:09:01.947987,103.33
2025-02-04 11:09:02.019849,103.33
2025-02-04 11:09:02.090740,103.33
2025-02-04 11:09:02.160777,103.33
2025-02-04 11:09:02.227099,104.05
2025-02-04 11:09:02.300265,103.33
2025-02-04 11:09:02.367411,103.33
2025-02-04 11:09:02.449262,103.33
2025-02-04 11:09:02.497411,104.05
2025-02-04 11:09:02.565268,103.33
2025-02-04 11:09:02.633789,103.33
2025-02-04 11:09:02.702480,103.33
2025-02-04 11:09:02.771049,104.32
2025-02-04 11:09:02.838900,104.01
2025-02-04 11:09:02.911312,104.01
2025-02-04 11:09:02.981847,104.01
2025-02-04 11:09:03.049369,104.01
2025-02-04 11:09:03.117988,104.01
2025-02-04 11:09:03.186452,103.29
2025-02-04 11:09:03.257460,103.29
2025-02-04 11:09:03.324574,103.63
2025-02-04 11:09:03.392192,104.02
2025-02-04 11:09:03.462907,104.02
2025-02-04 11:09:03.537124,104.02
2025-02-04 11:09:03.599652,104.02
2025-02-04 11:09:03.668138,104.02
2025-02-04 11:09:03.738295,104.02
2025-02-04 11:09:03.804525,104.02
2025-02-04 11:09:03.874604,104.99
2025-02-04 11:09:03.941911,104.29
2025-02-04 11:09:04.010182,104.03
2025-02-04 11:09:04.077660,104.03
2025-02-04 11:09:04.154828,104.76
2025-02-04 11:09:04.211863,104.76
2025-02-04 11:09:04.279673,104.03
2025-02-04 11:09:04.347963,104.03
2025-02-04 11:09:04.420291,104.03
2025-02-04 11:09:04.490766,104.29
2025-02-04 11:09:04.561748,104.04
2025-02-04 11:09:04.629640,104.04
2025-02-04 11:09:04.698808,104.74
2025-02-04 11:09:04.760568,104.74
2025-02-04 11:09:04.841150,104.74
2025-02-04 11:09:04.897912,104.04
2025-02-04 11:09:04.964593,104.04
2025-02-04 11:09:05.033059,104.32
2025-02-04 11:09:05.101572,104.32
2025-02-04 11:09:05.170786,104.03
2025-02-04 11:09:05.239252,104.03
2025-02-04 11:09:05.308184,104.03
2025-02-04 11:09:05.377770,104.03
2025-02-04 11:09:05.445936,104.03
2025-02-04 11:09:05.517732,104.03
2025-02-04 11:09:05.586573,104.03
2025-02-04 11:09:05.655383,104.32
2025-02-04 11:09:05.724796,103.28
2025-02-04 11:09:05.791917,103.28
2025-02-04 11:09:05.861454,104.02
2025-02-04 11:09:05.929830,104.02
2025-02-04 11:09:05.999072,104.02
2025-02-04 11:09:06.066292,103.28
2025-02-04 11:09:06.135324,103.28
2025-02-04 11:09:06.204090,103.59
2025-02-04 11:09:06.272714,103.26
2025-02-04 11:09:06.336814,103.26
2025-02-04 11:09:06.407735,103.26
2025-02-04 11:09:06.478124,103.26
2025-02-04 11:09:06.546133,103.26
2025-02-04 11:09:06.612603,103.26
2025-02-04 11:09:06.683150,103.26
2025-02-04 11:09:06.751444,103.59
2025-02-04 11:09:06.819977,103.29
2025-02-04 11:09:06.888938,103.29
2025-02-04 11:09:06.958318,103.29
2025-02-04 11:09:07.025611,103.29
2025-02-04 11:09:07.094774,103.29
2025-02-04 11:09:07.163238,103.29
2025-02-04 11:09:07.229781,103.29
2025-02-04 11:09:07.302798,103.29
2025-02-04 11:09:07.370316,103.29
2025-02-04 11:09:07.435329,103.29
2025-02-04 11:09:07.504028,103.29
2025-02-04 11:09:07.574091,103.29
2025-02-04 11:09:07.643459,103.29
2025-02-04 11:09:07.711967,103.29
2025-02-04 11:09:07.780090,103.29
2025-02-04 11:09:07.848484,103.29
2025-02-04 11:09:07.916930,103.29
2025-02-04 11:09:07.985247,103.28
2025-02-04 11:09:08.056770,103.28
2025-02-04 11:09:08.125822,103.28
2025-02-04 11:09:08.194440,103.28
2025-02-04 11:09:08.260398,103.28
2025-02-04 11:09:08.332242,103.28
2025-02-04 11:09:08.401781,103.28
